"","M.elder","B.elder","C.elder"
"M.self",0.91304347826087,0.0869565217391304,0
"B.self",0.302690582959641,0.668161434977579,0.0291479820627803
"C.self",0,0.396825396825397,0.603174603174603
