"","M.elder","B.elder","C.elder"
"M.self",0.708333333333333,0.291666666666667,0
"B.self",0.168490153172867,0.809628008752735,0.0218818380743982
"C.self",0,0.576923076923077,0.423076923076923
