"","M.elder","B.elder","C.elder"
"M.self",0.129411764705882,0.0169491525423729,0
"B.self",0.858823529411765,0.852300242130751,0.149425287356322
"C.self",0.0117647058823529,0.130750605326877,0.850574712643678
