"","M.elder","B.elder","C.elder"
"M.self",1,0,0
"B.self",0.435483870967742,0.548387096774194,0.0161290322580645
"C.self",0.162790697674419,0.418604651162791,0.418604651162791
