"","M.elder","B.elder","C.elder"
"M.self",0.180851063829787,0.0154867256637168,0
"B.self",0.819148936170213,0.81858407079646,0.153846153846154
"C.self",0,0.165929203539823,0.846153846153846
