"","M.elder","B.elder","C.elder"
"M.self",0.0404040404040404,0,0
"B.self",0.818181818181818,0.739130434782609,0.0769230769230769
"C.self",0.141414141414141,0.260869565217391,0.923076923076923
