"","M.elder","B.elder","C.elder"
"M.self",0.134615384615385,0.00571428571428571,0
"B.self",0.865384615384615,0.851428571428571,0.146067415730337
"C.self",0,0.142857142857143,0.853932584269663
