"cohort","n","gen2","outcome","prob","se"
"Rural",328,"B.gen2","M.gen1",0.204268292682927,0.022261113782819
"Town",83,"B.gen2","M.gen1",0.0963855421686747,0.0323935456589075
"Urban",39,"B.gen2","M.gen1",0,0
"Rural",328,"B.gen2","B.gen1",0.777439024390244,0.0229678717640553
"Town",83,"B.gen2","B.gen1",0.879518072289157,0.0357309276458477
"Urban",39,"B.gen2","B.gen1",0.948717948717949,0.0353198580369843
"Rural",328,"B.gen2","C.gen1",0.0182926829268293,0.00739933679422784
"Town",83,"B.gen2","C.gen1",0.0240963855421687,0.016832180075559
"Urban",39,"B.gen2","C.gen1",0.0512820512820513,0.0353198580369843
